what,kind,bundleId,bundleVersion,description,time
activated,view,org.eclipse.ui.navigator.resources,3.4.1.M20090826-0800,"org.eclipse.ui.navigator.ProjectExplorer",1489040297296
opened,editor,org.eclipse.jst.jsp.ui,1.1.401.v200908111935,"org.eclipse.jst.jsp.core.jspsource.source",1489040297505
activated,editor,org.eclipse.jst.jsp.ui,1.1.401.v200908111935,"org.eclipse.jst.jsp.core.jspsource.source",1489040297637
deactivated,workbench,org.eclipse.ui.workbench,3.5.2.M20100113-0800,"",1489040299719
activated,workbench,org.eclipse.ui.workbench,3.5.2.M20100113-0800,"",1489040316976
deactivated,workbench,org.eclipse.ui.workbench,3.5.2.M20100113-0800,"",1489040317906
activated,workbench,org.eclipse.ui.workbench,3.5.2.M20100113-0800,"",1489040322881
executed,command,org.eclipse.ui.workbench.texteditor,3.5.1.r352_v20100105,"org.eclipse.ui.edit.text.select.lineEnd",1489040326162
executed,command,org.eclipse.ui,3.5.2.M20100120-0800,"org.eclipse.ui.edit.paste",1489040326601
executed,command,org.eclipse.ui,3.5.2.M20100120-0800,"org.eclipse.ui.file.save",1489040327096
deactivated,workbench,org.eclipse.ui.workbench,3.5.2.M20100113-0800,"",1489040329987
activated,workbench,org.eclipse.ui.workbench,3.5.2.M20100113-0800,"",1489040350225
deactivated,workbench,org.eclipse.ui.workbench,3.5.2.M20100113-0800,"",1489040351506
activated,workbench,org.eclipse.ui.workbench,3.5.2.M20100113-0800,"",1489040354603
executed,command,org.eclipse.ui,3.5.2.M20100120-0800,"org.eclipse.ui.edit.copy",1489040356252
activated,view,org.eclipse.ui.navigator.resources,3.4.1.M20090826-0800,"org.eclipse.ui.navigator.ProjectExplorer",1489040357155
activated,editor,org.eclipse.jst.jsp.ui,1.1.401.v200908111935,"org.eclipse.jst.jsp.core.jspsource.source",1489040357898
executed,command,org.eclipse.ui,3.5.2.M20100120-0800,"org.eclipse.ui.edit.undo",1489040358136
executed,command,org.eclipse.ui.workbench.texteditor,3.5.1.r352_v20100105,"org.eclipse.ui.edit.text.goto.lineEnd",1489040372893
executed,command,org.eclipse.ui.workbench.texteditor,3.5.1.r352_v20100105,"org.eclipse.ui.edit.text.select.lineStart",1489040373291
executed,command,org.eclipse.ui.workbench.texteditor,3.5.1.r352_v20100105,"org.eclipse.ui.edit.text.goto.lineEnd",1489040374360
executed,command,org.eclipse.ui,3.5.2.M20100120-0800,"org.eclipse.ui.edit.text.contentAssist.proposals",1489040376728
deactivated,workbench,org.eclipse.ui.workbench,3.5.2.M20100113-0800,"",1489040378695
activated,workbench,org.eclipse.ui.workbench,3.5.2.M20100113-0800,"",1489040379947
executed,command,org.eclipse.ui,3.5.2.M20100120-0800,"org.eclipse.ui.edit.paste",1489040380111
executed,command,org.eclipse.ui,3.5.2.M20100120-0800,"org.eclipse.ui.file.save",1489040380742
deactivated,workbench,org.eclipse.ui.workbench,3.5.2.M20100113-0800,"",1489040381699
activated,workbench,org.eclipse.ui.workbench,3.5.2.M20100113-0800,"",1489040393753
executed,command,org.eclipse.ui,3.5.2.M20100120-0800,"org.eclipse.ui.edit.copy",1489040394737
deactivated,workbench,org.eclipse.ui.workbench,3.5.2.M20100113-0800,"",1489040395945
activated,workbench,org.eclipse.ui.workbench,3.5.2.M20100113-0800,"",1489040431091
deactivated,workbench,org.eclipse.ui.workbench,3.5.2.M20100113-0800,"",1489040431646
activated,workbench,org.eclipse.ui.workbench,3.5.2.M20100113-0800,"",1489047761364
deactivated,workbench,org.eclipse.ui.workbench,3.5.2.M20100113-0800,"",1489047762503
activated,workbench,org.eclipse.ui.workbench,3.5.2.M20100113-0800,"",1489047775903
closed,workbench,org.eclipse.ui.workbench,3.5.2.M20100113-0800,"",1489047776293
stopped,bundle,org.springframework.ide.eclipse.webflow.mylyn,2.3.2.201003220227-RELEASE,"org.springframework.ide.eclipse.webflow.mylyn",1489047776620
stopped,bundle,org.springframework.ide.eclipse.webflow.ui,2.3.2.201003220227-RELEASE,"org.springframework.ide.eclipse.webflow.ui",1489047776620
stopped,bundle,org.springframework.ide.eclipse.webflow.ui.graph,2.3.2.201003220227-RELEASE,"org.springframework.ide.eclipse.webflow.ui.graph",1489047776620
stopped,bundle,org.springframework.ide.eclipse.webflow.ui.editor,2.3.2.201003220227-RELEASE,"org.springframework.ide.eclipse.webflow.ui.editor",1489047776620
stopped,bundle,org.springframework.ide.eclipse.webflow.core,2.3.2.201003220227-RELEASE,"org.springframework.ide.eclipse.webflow.core",1489047776620
stopped,bundle,org.springframework.ide.eclipse.batch,2.3.2.201003220227-RELEASE,"org.springframework.ide.eclipse.batch",1489047776620
stopped,bundle,org.springframework.ide.eclipse.ajdt.ui.visualiser,2.3.2.201003220227-RELEASE,"org.springframework.ide.eclipse.ajdt.ui.visualiser",1489047776620
stopped,bundle,org.springframework.ide.eclipse.ajdt.ui.xref,2.3.2.201003220227-RELEASE,"org.springframework.ide.eclipse.ajdt.ui.xref",1489047776620
stopped,bundle,org.springframework.ide.eclipse.aop.mylyn,2.3.2.201003220227-RELEASE,"org.springframework.ide.eclipse.aop.mylyn",1489047776620
stopped,bundle,org.springframework.ide.eclipse.aop.ui.matcher,2.3.2.201003220227-RELEASE,"org.springframework.ide.eclipse.aop.ui.matcher",1489047776620
stopped,bundle,org.springframework.ide.eclipse.aop.ui,2.3.2.201003220227-RELEASE,"org.springframework.ide.eclipse.aop.ui",1489047776620
stopped,bundle,org.springframework.ide.eclipse.security,2.3.2.201003220227-RELEASE,"org.springframework.ide.eclipse.security",1489047776620
stopped,bundle,org.springframework.ide.eclipse.aop.core,2.3.2.201003220227-RELEASE,"org.springframework.ide.eclipse.aop.core",1489047776620
stopped,bundle,org.springframework.ide.eclipse.beans.ui.autowire,2.3.2.201003220227-RELEASE,"org.springframework.ide.eclipse.beans.ui.autowire",1489047776620
stopped,bundle,org.springframework.ide.eclipse.beans.core.autowire,2.3.2.201003220227-RELEASE,"org.springframework.ide.eclipse.beans.core.autowire",1489047776620
stopped,bundle,org.springframework.ide.eclipse.beans.mylyn,2.3.2.201003220227-RELEASE,"org.springframework.ide.eclipse.beans.mylyn",1489047776620
stopped,bundle,org.springframework.ide.eclipse.beans.ui.refactoring,2.3.2.201003220227-RELEASE,"org.springframework.ide.eclipse.beans.ui.refactoring",1489047776620
stopped,bundle,org.springframework.ide.eclipse.integration,2.3.2.201003220227-RELEASE,"org.springframework.ide.eclipse.integration",1489047776620
stopped,bundle,org.springframework.ide.eclipse.mylyn,2.3.2.201003220227-RELEASE,"org.springframework.ide.eclipse.mylyn",1489047776620
stopped,bundle,org.springframework.ide.eclipse.osgi,2.3.2.201003220227-RELEASE,"org.springframework.ide.eclipse.osgi",1489047776620
stopped,bundle,org.springframework.ide.eclipse.beans.ui.editor,2.3.2.201003220227-RELEASE,"org.springframework.ide.eclipse.beans.ui.editor",1489047776620
stopped,bundle,org.springframework.ide.eclipse.beans.ui.graph,2.3.2.201003220227-RELEASE,"org.springframework.ide.eclipse.beans.ui.graph",1489047776620
stopped,bundle,org.springframework.ide.eclipse.beans.ui.search,2.3.2.201003220227-RELEASE,"org.springframework.ide.eclipse.beans.ui.search",1489047776620
stopped,bundle,org.springframework.ide.eclipse.beans.ui,2.3.2.201003220227-RELEASE,"org.springframework.ide.eclipse.beans.ui",1489047776620
stopped,bundle,org.springframework.ide.eclipse.beans.core.metadata,2.3.2.201003220227-RELEASE,"org.springframework.ide.eclipse.beans.core.metadata",1489047776620
stopped,bundle,org.springframework.ide.eclipse.beans.core,2.3.2.201003220227-RELEASE,"org.springframework.ide.eclipse.beans.core",1489047776620
stopped,bundle,org.springframework.ide.eclipse.ui,2.3.2.201003220227-RELEASE,"org.springframework.ide.eclipse.ui",1489047776620
stopped,bundle,org.springframework.ide.eclipse.core,2.3.2.201003220227-RELEASE,"org.springframework.ide.eclipse.core",1489047776620
stopped,bundle,org.eclipse.jst.ws.axis.creation.ui,1.0.406.v200903031852,"org.eclipse.jst.ws.axis.creation.ui",1489047776620
stopped,bundle,org.eclipse.jst.ws.axis.consumption.ui,1.0.405.v200901261650,"org.eclipse.jst.ws.axis.consumption.ui",1489047776620
stopped,bundle,org.eclipse.jst.ws.axis.consumption.core,1.0.306.v200810082309,"org.eclipse.jst.ws.axis.consumption.core",1489047776620
stopped,bundle,org.eclipse.jst.ws.axis2.creation.ui,1.0.103.v200807162242,"org.eclipse.jst.ws.axis2.creation.ui",1489047776620
stopped,bundle,org.eclipse.jst.ws.axis2.consumption.ui,1.0.102.v200807232000,"org.eclipse.jst.ws.axis2.consumption.ui",1489047776620
stopped,bundle,org.eclipse.jst.ws.axis2.creation.core,1.0.105.v200901220134,"org.eclipse.jst.ws.axis2.creation.core",1489047776620
stopped,bundle,org.eclipse.jst.ws.axis2.consumption.core,1.0.104.v200810151442,"org.eclipse.jst.ws.axis2.consumption.core",1489047776620
stopped,bundle,org.eclipse.jst.ws.axis2.ui,1.0.302.v200905260749,"org.eclipse.jst.ws.axis2.ui",1489047776620
stopped,bundle,org.eclipse.jst.ws.axis2.core,1.0.104.v200810151442,"org.eclipse.jst.ws.axis2.core",1489047776620
stopped,bundle,org.eclipse.jst.ws.creation.ui,1.0.409.v200911241856,"org.eclipse.jst.ws.creation.ui",1489047776620
stopped,bundle,org.eclipse.jst.ws.consumption.ui,1.1.106.v200911241851,"org.eclipse.jst.ws.consumption.ui",1489047776620
stopped,bundle,org.eclipse.jst.ws.consumption,1.0.408.v200911241817,"org.eclipse.jst.ws.consumption",1489047776620
stopped,bundle,org.eclipse.jst.ws.uddiregistry,1.0.400.v200901261650,"org.eclipse.jst.ws.uddiregistry",1489047776620
stopped,bundle,org.eclipse.jst.ws.ui,1.0.402.v200903111822,"org.eclipse.jst.ws.ui",1489047776620
stopped,bundle,org.eclipse.jst.ws,1.0.407.v200905191120,"org.eclipse.jst.ws",1489047776620
stopped,bundle,org.eclipse.wst.ws.explorer,1.0.408.v200911241806,"org.eclipse.wst.ws.explorer",1489047776620
stopped,bundle,org.eclipse.wst.wsdl.ui,1.2.202.v200904271449,"org.eclipse.wst.wsdl.ui",1489047776620
stopped,bundle,org.eclipse.wst.ws.ui,1.1.100.v200903112221,"org.eclipse.wst.ws.ui",1489047776620
stopped,bundle,org.eclipse.wst.wsi.ui,1.0.500.v200901141851,"org.eclipse.wst.wsi.ui",1489047776620
stopped,bundle,org.eclipse.wst.wsi,1.0.305.v200902181431,"org.eclipse.wst.wsi",1489047776620
stopped,bundle,org.eclipse.wst.ws,1.1.103.v200903111822,"org.eclipse.wst.ws",1489047776620
stopped,bundle,org.eclipse.jst.j2ee.webservice.ui,1.1.300.v200902052230,"org.eclipse.jst.j2ee.webservice.ui",1489047776620
stopped,bundle,org.eclipse.jst.j2ee.webservice,1.1.300.v200901220600,"org.eclipse.jst.j2ee.webservice",1489047776620
stopped,bundle,org.eclipse.wst.ws.parser,1.0.402.v200901220107,"org.eclipse.wst.ws.parser",1489047776620
stopped,bundle,org.springframework.ide.eclipse.osgi.targetdefinition,2.3.2.201003220227-RELEASE,"org.springframework.ide.eclipse.osgi.targetdefinition",1489047776620
stopped,bundle,commonj.sdo,2.1.1.v200905221342,"commonj.sdo",1489047776620
stopped,bundle,org.eclipse.datatools.enablement.oda.ws.ui,1.2.2.v201001260400,"org.eclipse.datatools.enablement.oda.ws.ui",1489047776620
stopped,bundle,org.eclipse.datatools.enablement.oda.ws,1.2.2.v201001131420,"org.eclipse.datatools.enablement.oda.ws",1489047776620
stopped,bundle,org.eclipse.wst.wsdl,1.2.2.v200911111930,"org.eclipse.wst.wsdl",1489047776620
stopped,bundle,org.eclipse.wst.wsdl.validation,1.1.402.v200911251542,"org.eclipse.wst.wsdl.validation",1489047776636
stopped,bundle,org.eclipse.wst.xsl.jaxp.debug.ui,1.0.0.v200904240436,"org.eclipse.wst.xsl.jaxp.debug.ui",1489047776636
stopped,bundle,org.eclipse.wst.xsl.ui,1.0.100.v200907172129,"org.eclipse.wst.xsl.ui",1489047776636
stopped,bundle,org.eclipse.wst.xml.xpath.ui,1.0.0.v200904240436,"org.eclipse.wst.xml.xpath.ui",1489047776636
stopped,bundle,org.eclipse.wst.xsl.debug.ui,1.0.0.v200904240436,"org.eclipse.wst.xsl.debug.ui",1489047776636
stopped,bundle,org.eclipse.wst.xsl.jaxp.launching,1.0.0.v200904240436,"org.eclipse.wst.xsl.jaxp.launching",1489047776636
stopped,bundle,org.eclipse.wst.xsl.launching,1.0.0.v200904241348,"org.eclipse.wst.xsl.launching",1489047776636
stopped,bundle,org.eclipse.wst.xsl.core,1.0.1.v200908101420,"org.eclipse.wst.xsl.core",1489047776636
stopped,bundle,org.eclipse.datatools.enablement.oda.xml.ui,1.2.1.v201001191820,"org.eclipse.datatools.enablement.oda.xml.ui",1489047776636
stopped,bundle,org.eclipse.datatools.enablement.oda.xml,1.2.1.v201001151620,"org.eclipse.datatools.enablement.oda.xml",1489047776636
stopped,bundle,org.eclipse.jst.jsf.apache.trinidad.tagsupport,1.1.0.v20090525,"org.eclipse.jst.jsf.apache.trinidad.tagsupport",1489047776636
stopped,bundle,org.eclipse.jst.jsf.facesconfig.ui,1.1.6.v20100203,"org.eclipse.jst.jsf.facesconfig.ui",1489047776636
stopped,bundle,org.eclipse.jst.jsf.ui,1.2.3.v201001271707,"org.eclipse.jst.jsf.ui",1489047776636
stopped,bundle,org.eclipse.jst.pagedesigner.jsf.ui,1.1.4.v20100203,"org.eclipse.jst.pagedesigner.jsf.ui",1489047776636
stopped,bundle,org.eclipse.jst.pagedesigner,1.2.3.v20100211,"org.eclipse.jst.pagedesigner",1489047776636
stopped,bundle,org.eclipse.jst.jsf.core,1.2.5.v201001271707,"org.eclipse.jst.jsf.core",1489047776636
stopped,bundle,org.eclipse.jst.jsf.common.ui,1.1.1.v20081209,"org.eclipse.jst.jsf.common.ui",1489047776636
stopped,bundle,org.eclipse.jst.jsf.standard.tagsupport,1.1.205.v201002101327,"org.eclipse.jst.jsf.standard.tagsupport",1489047776636
stopped,bundle,org.eclipse.jst.pagedesigner.jsp.core,1.1.3.v201002111131,"org.eclipse.jst.pagedesigner.jsp.core",1489047776636
stopped,bundle,org.eclipse.jst.jsf.common,1.1.9.v201001271707,"org.eclipse.jst.jsf.common",1489047776636
stopped,bundle,org.eclipse.wst.jsdt.web.support.jsp,1.0.200.v200904140255,"org.eclipse.wst.jsdt.web.support.jsp",1489047776636
stopped,bundle,org.eclipse.jst.jsp.ui,1.1.401.v200908111935,"org.eclipse.jst.jsp.ui",1489047776636
stopped,bundle,org.eclipse.jst.jsp.core,1.2.204.v201001270045,"org.eclipse.jst.jsp.core",1489047776636
stopped,bundle,org.eclipse.wst.jsdt.web.ui,1.0.201.v2010012803,"org.eclipse.wst.jsdt.web.ui",1489047776636
stopped,bundle,org.eclipse.jpt.eclipselink.ui,1.2.0.v200905310000,"org.eclipse.jpt.eclipselink.ui",1489047776636
stopped,bundle,org.jboss.tools.hibernate.jpt.ui,3.3.0.v201003050540R-H56-GA,"org.jboss.tools.hibernate.jpt.ui",1489047776636
stopped,bundle,org.eclipse.jpt.ui,2.2.2.v200911250220,"org.eclipse.jpt.ui",1489047776636
stopped,bundle,org.eclipse.jst.j2ee.ejb.annotations.ui,1.1.102.v200805140020,"org.eclipse.jst.j2ee.ejb.annotations.ui",1489047776636
stopped,bundle,org.eclipse.jst.ejb.ui,1.1.301.v200908131325,"org.eclipse.jst.ejb.ui",1489047776636
stopped,bundle,org.eclipse.jst.servlet.ui,1.1.301.v200908101600,"org.eclipse.jst.servlet.ui",1489047776636
stopped,bundle,org.eclipse.jst.jee.ui,1.0.201.v201002021208,"org.eclipse.jst.jee.ui",1489047776636
stopped,bundle,org.eclipse.jst.j2ee.navigator.ui,1.1.301.v201001252130,"org.eclipse.jst.j2ee.navigator.ui",1489047776636
stopped,bundle,org.eclipse.jst.j2ee.jca.ui,1.1.300.v200809052300,"org.eclipse.jst.j2ee.jca.ui",1489047776636
stopped,bundle,org.eclipse.jst.j2ee.ui,1.1.301.v201001252130,"org.eclipse.jst.j2ee.ui",1489047776651
stopped,bundle,org.eclipse.wst.web.ui,1.1.301.v201001252130,"org.eclipse.wst.web.ui",1489047776651
stopped,bundle,org.eclipse.wst.html.ui,1.0.401.v200908111935,"org.eclipse.wst.html.ui",1489047776651
stopped,bundle,org.eclipse.wst.css.ui,1.0.401.v200907171457,"org.eclipse.wst.css.ui",1489047776651
stopped,bundle,org.eclipse.wst.jsdt.web.core,1.0.201.v201001221931,"org.eclipse.wst.jsdt.web.core",1489047776651
stopped,bundle,org.eclipse.wst.html.core,1.1.300.v200903120608,"org.eclipse.wst.html.core",1489047776651
stopped,bundle,org.eclipse.wst.css.core,1.1.301.v200910161432,"org.eclipse.wst.css.core",1489047776651
stopped,bundle,org.anyframe.querymanager.eclipse.core,2.1.8,"org.anyframe.querymanager.eclipse.core",1489047776651
stopped,bundle,org.eclipse.jpt.eclipselink.core,1.2.0.v200905310000,"org.eclipse.jpt.eclipselink.core",1489047776651
stopped,bundle,org.hibernate.eclipse.jdt.apt.ui,3.3.0.v201003050540R-H56-GA,"org.hibernate.eclipse.jdt.apt.ui",1489047776651
stopped,bundle,org.hibernate.eclipse.jdt.ui,3.3.0.v201003050540R-H56-GA,"org.hibernate.eclipse.jdt.ui",1489047776651
stopped,bundle,org.hibernate.eclipse.mapper,3.3.0.v201003050540R-H56-GA,"org.hibernate.eclipse.mapper",1489047776651
stopped,bundle,org.jboss.tools.hibernate.jpt.core,3.3.0.v201003050540R-H56-GA,"org.jboss.tools.hibernate.jpt.core",1489047776651
stopped,bundle,org.jboss.tools.hibernate.ui,3.3.0.v201003050540R-H56-GA,"org.jboss.tools.hibernate.ui",1489047776651
stopped,bundle,org.hibernate.eclipse.console,3.3.0.v201003050540R-H56-GA,"org.hibernate.eclipse.console",1489047776651
stopped,bundle,org.eclipse.jpt.core,2.2.1.v200908270220,"org.eclipse.jpt.core",1489047776651
stopped,bundle,org.eclipse.jst.j2ee.xdoclet.runtime,1.1.102.v200805140135,"org.eclipse.jst.j2ee.xdoclet.runtime",1489047776651
stopped,bundle,org.eclipse.jst.j2ee.ejb.annotations.xdoclet,1.2.0.v200805140020,"org.eclipse.jst.j2ee.ejb.annotations.xdoclet",1489047776651
stopped,bundle,org.eclipse.jst.j2ee.ejb.annotations.emitter,1.1.102.v200805140135,"org.eclipse.jst.j2ee.ejb.annotations.emitter",1489047776651
stopped,bundle,org.eclipse.jst.j2ee.ejb.annotation.model,1.1.102.v200805140020,"org.eclipse.jst.j2ee.ejb.annotation.model",1489047776651
stopped,bundle,org.eclipse.jst.jee.ejb,1.0.201.v201002021057,"org.eclipse.jst.jee.ejb",1489047776651
stopped,bundle,org.maven.ide.eclipse.wtp,0.10.0.20100209-0800,"org.maven.ide.eclipse.wtp",1489047776651
stopped,bundle,org.eclipse.jst.j2ee.ejb,1.1.301.v201001252130,"org.eclipse.jst.j2ee.ejb",1489047776651
stopped,bundle,org.eclipse.jst.jee.web,1.0.201.v201002031231,"org.eclipse.jst.jee.web",1489047776651
stopped,bundle,org.eclipse.jst.j2ee.web,1.1.301.v200911302230,"org.eclipse.jst.j2ee.web",1489047776651
stopped,bundle,org.eclipse.jst.jee,1.0.201.v201002021055,"org.eclipse.jst.jee",1489047776651
stopped,bundle,org.eclipse.jst.j2ee.jca,1.1.301.v201001252130,"org.eclipse.jst.j2ee.jca",1489047776651
stopped,bundle,org.eclipse.jst.jsf.facesconfig,1.1.3.v20090902,"org.eclipse.jst.jsf.facesconfig",1489047776651
stopped,bundle,org.eclipse.jst.j2ee,1.1.301.v201001272230,"org.eclipse.jst.j2ee",1489047776651
stopped,bundle,org.eclipse.jst.j2ee.core,1.1.301.v200911302230,"org.eclipse.jst.j2ee.core",1489047776651
stopped,bundle,org.eclipse.wst.dtd.ui,1.0.400.v200904300717,"org.eclipse.wst.dtd.ui",1489047776651
stopped,bundle,org.eclipse.wst.dtd.core,1.1.300.v200904181727,"org.eclipse.wst.dtd.core",1489047776651
stopped,bundle,org.eclipse.wst.xsd.ui,1.2.204.v200909021537,"org.eclipse.wst.xsd.ui",1489047776651
stopped,bundle,org.maven.ide.eclipse.editor,0.10.0.20100209-0800,"org.maven.ide.eclipse.editor",1489047776651
stopped,bundle,org.maven.ide.eclipse.editor.xml,0.10.0.20100209-0800,"org.maven.ide.eclipse.editor.xml",1489047776651
stopped,bundle,org.eclipse.wst.xml.ui,1.1.2.v201001222130,"org.eclipse.wst.xml.ui",1489047776651
stopped,bundle,org.anyframe.ide.eclipse.core,2.0.0.v20110426-Final,"org.anyframe.ide.eclipse.core",1489047776651
stopped,bundle,org.maven.ide.eclipse.cvs,0.10.0.20100209-0800,"org.maven.ide.eclipse.cvs",1489047776651
stopped,bundle,org.maven.ide.eclipse.tests.common,0.10.0.20100209-0800,"org.maven.ide.eclipse.tests.common",1489047776651
stopped,bundle,org.maven.ide.eclipse.jdt,0.10.0.20100209-0800,"org.maven.ide.eclipse.jdt",1489047776651
stopped,bundle,org.maven.ide.eclipse.launching,0.10.0.20100209-0800,"org.maven.ide.eclipse.launching",1489047776651
stopped,bundle,org.maven.ide.eclipse.mylyn3,0.10.0.20100209-0800,"org.maven.ide.eclipse.mylyn3",1489047776651
stopped,bundle,org.maven.ide.eclipse.refactoring,0.10.0.20100209-0800,"org.maven.ide.eclipse.refactoring",1489047776651
stopped,bundle,org.maven.ide.eclipse.scm,0.10.0.20100209-0800,"org.maven.ide.eclipse.scm",1489047776651
stopped,bundle,org.maven.ide.eclipse.subclipse,0.10.0.20100209-0800,"org.maven.ide.eclipse.subclipse",1489047776651
stopped,bundle,org.maven.ide.eclipse,0.10.0.20100209-0800,"org.maven.ide.eclipse",1489047776667
stopped,bundle,org.maven.ide.eclipse.maven_model_edit,0.10.0.20100209-0800,"org.maven.ide.eclipse.maven_model_edit",1489047776667
stopped,bundle,org.eclipse.wst.xsd.core,1.1.401.v200903020335,"org.eclipse.wst.xsd.core",1489047776667
stopped,bundle,org.eclipse.wst.xml.core,1.1.402.v201001222130,"org.eclipse.wst.xml.core",1489047776667
stopped,bundle,org.eclipse.wst.xml.xpath2.processor,1.0.0.v200905300355,"org.eclipse.wst.xml.xpath2.processor",1489047776667
stopped,bundle,org.eclipse.help.webapp,3.4.1.v20091009_35x,"org.eclipse.help.webapp",1489047776667
stopped,bundle,org.eclipse.equinox.jsp.jasper.registry,1.0.100.v20090520-1800,"org.eclipse.equinox.jsp.jasper.registry",1489047776667
stopped,bundle,org.eclipse.equinox.jsp.jasper,1.0.200.v20090520-1800,"org.eclipse.equinox.jsp.jasper",1489047776667
stopped,bundle,org.eclipse.datatools.enablement.hsqldb.ui,1.0.0.v200906020900,"org.eclipse.datatools.enablement.hsqldb.ui",1489047776667
stopped,bundle,org.eclipse.datatools.enablement.ingres.ui,1.0.0.v200906111150,"org.eclipse.datatools.enablement.ingres.ui",1489047776667
stopped,bundle,org.eclipse.datatools.enablement.postgresql.ui,1.0.0.v200906020900,"org.eclipse.datatools.enablement.postgresql.ui",1489047776667
stopped,bundle,org.eclipse.datatools.enablement.sqlite.ui,1.0.0.v200906020900,"org.eclipse.datatools.enablement.sqlite.ui",1489047776667
stopped,bundle,org.eclipse.datatools.connectivity.db.generic.ui,1.0.1.v200906020900,"org.eclipse.datatools.connectivity.db.generic.ui",1489047776667
stopped,bundle,org.eclipse.datatools.connectivity.apache.derby.ui,1.0.1.v200906020900,"org.eclipse.datatools.connectivity.apache.derby.ui",1489047776667
stopped,bundle,org.eclipse.datatools.enablement.sybase.asa.schemaobjecteditor.examples,2.5.0.200810071,"org.eclipse.datatools.enablement.sybase.asa.schemaobjecteditor.examples",1489047776667
stopped,bundle,org.eclipse.datatools.enablement.sybase.asa.ui,1.0.1.v200906111150,"org.eclipse.datatools.enablement.sybase.asa.ui",1489047776667
stopped,bundle,org.eclipse.datatools.enablement.sybase.ase.ui,1.0.1.v200906020900,"org.eclipse.datatools.enablement.sybase.ase.ui",1489047776667
stopped,bundle,org.eclipse.datatools.enablement.sybase.ui,1.0.0.v200906090458,"org.eclipse.datatools.enablement.sybase.ui",1489047776667
stopped,bundle,org.eclipse.datatools.sqltools.data.ui,1.1.2.v200912080845,"org.eclipse.datatools.sqltools.data.ui",1489047776667
stopped,bundle,org.eclipse.datatools.connectivity.sqm.server.ui,1.1.100.v200910270503,"org.eclipse.datatools.connectivity.sqm.server.ui",1489047776667
stopped,bundle,org.eclipse.datatools.sqltools.ddlgen.ui,1.0.0.v200906022302,"org.eclipse.datatools.sqltools.ddlgen.ui",1489047776667
stopped,bundle,org.eclipse.datatools.sqltools.db.derby.ui,1.0.0.v200906020900,"org.eclipse.datatools.sqltools.db.derby.ui",1489047776667
stopped,bundle,org.eclipse.datatools.sqltools.db.generic.ui,1.0.0.v200906020900,"org.eclipse.datatools.sqltools.db.generic.ui",1489047776667
stopped,bundle,org.eclipse.datatools.sqltools.debugger.core.ui,1.0.0.v200906022302,"org.eclipse.datatools.sqltools.debugger.core.ui",1489047776667
stopped,bundle,org.eclipse.datatools.sqltools.routineeditor.ui,1.0.0.v200906022302,"org.eclipse.datatools.sqltools.routineeditor.ui",1489047776667
stopped,bundle,org.eclipse.datatools.sqltools.sqlbuilder,1.0.0.v201001200600,"org.eclipse.datatools.sqltools.sqlbuilder",1489047776667
stopped,bundle,org.eclipse.datatools.sqltools.debugger.core,1.0.0.v200906022302,"org.eclipse.datatools.sqltools.debugger.core",1489047776667
stopped,bundle,org.eclipse.datatools.sqltools.schemaobjecteditor.ui.pages,1.1.0.200810071,"org.eclipse.datatools.sqltools.schemaobjecteditor.ui.pages",1489047776667
stopped,bundle,org.eclipse.datatools.sqltools.schemaobjecteditor.ui,1.1.0.200810071,"org.eclipse.datatools.sqltools.schemaobjecteditor.ui",1489047776667
stopped,bundle,org.eclipse.datatools.sqltools.sqlscrapbook,1.0.0.v200906022302,"org.eclipse.datatools.sqltools.sqlscrapbook",1489047776667
stopped,bundle,org.eclipse.datatools.sqltools.sqleditor,1.0.1.v200912241345,"org.eclipse.datatools.sqltools.sqleditor",1489047776667
stopped,bundle,org.eclipse.datatools.sqltools.editor.core.ui,1.0.0.v201001150815,"org.eclipse.datatools.sqltools.editor.core.ui",1489047776667
stopped,bundle,org.eclipse.datatools.sqltools.tabledataeditor,1.0.0.v200906022302,"org.eclipse.datatools.sqltools.tabledataeditor",1489047776667
stopped,bundle,org.eclipse.datatools.connectivity.sqm.core.ui,1.1.100.v200910270525,"org.eclipse.datatools.connectivity.sqm.core.ui",1489047776667
stopped,bundle,org.eclipse.datatools.connectivity.ui.dse,1.1.3.v201001270323,"org.eclipse.datatools.connectivity.ui.dse",1489047776667
stopped,bundle,org.eclipse.ajdt.mylyn.ui,2.1.0.e35x-20100513-1200,"org.eclipse.ajdt.mylyn.ui",1489047776667
stopped,bundle,org.eclipse.ajdt.ui,2.1.0.e35x-20100513-1200,"org.eclipse.ajdt.ui",1489047776667
stopped,bundle,org.eclipse.pde.ua.ui,1.0.0.v20090511,"org.eclipse.pde.ua.ui",1489047776667
stopped,bundle,org.eclipse.datatools.connectivity.oda.template.ui,3.2.0.v200906020553,"org.eclipse.datatools.connectivity.oda.template.ui",1489047776667
stopped,bundle,org.eclipse.pde.api.tools.ui,1.0.101.v20090820,"org.eclipse.pde.api.tools.ui",1489047776667
stopped,bundle,org.eclipse.pde.ds.ui,1.0.0.v20100209-maintenance,"org.eclipse.pde.ds.ui",1489047776667
stopped,bundle,org.eclipse.pde.runtime,3.4.100.v20090731,"org.eclipse.pde.runtime",1489047776667
stopped,bundle,org.eclipse.pde.ui.templates,3.4.100.v20090527,"org.eclipse.pde.ui.templates",1489047776667
stopped,bundle,org.eclipse.pde.ui,3.5.1.v201001121200,"org.eclipse.pde.ui",1489047776667
stopped,bundle,org.eclipse.ui.cheatsheets,3.3.200.v20090526,"org.eclipse.ui.cheatsheets",1489047776667
stopped,bundle,org.hibernate.eclipse.help,3.3.0.v201003050540R-H56-GA,"org.hibernate.eclipse.help",1489047776667
stopped,bundle,org.eclipse.help.ui,3.4.1.v20090819_35x,"org.eclipse.help.ui",1489047776667
stopped,bundle,org.eclipse.epp.usagedata.ui,1.1.1.R201001291118,"org.eclipse.epp.usagedata.ui",1489047776667
stopped,bundle,org.eclipse.ui.intro.universal,3.2.300.v20090526,"org.eclipse.ui.intro.universal",1489047776667
stopped,bundle,org.eclipse.wtp.epp.package.jee.intro,1.2.0.20090617-0522,"org.eclipse.wtp.epp.package.jee.intro",1489047776667
stopped,bundle,org.eclipse.ui.intro,3.3.2.v20100111_35x,"org.eclipse.ui.intro",1489047776667
stopped,bundle,org.eclipse.help.base,3.4.0.v201002111343,"org.eclipse.help.base",1489047776667
stopped,bundle,org.eclipse.equinox.http.jetty,2.0.0.v20090520-1800,"org.eclipse.equinox.http.jetty",1489047776667
stopped,bundle,org.eclipse.wst.server.preview,1.1.0.v20090113,"org.eclipse.wst.server.preview",1489047776667
